course,Duration,Fee,Link,Address,uni_name,Introduction,Contact
BACHELOR OF ACCOUNTING #,8 Semesters,"17,900",https://fpe.um.edu.my/bachelor-of-accounting-bacc,"Jln Profesor Diraja Ungku Aziz, 50603 Kuala Lumpur, Wilayah Persekutuan Kuala Lumpur",Universiti Malaya,"UM’s Bachelor of Accounting programme is recognized both nationally and internationally. The programme is recognised under Schedule 1 Accountants Act 1967. Graduates of this programme are eligible to register as members of the Malaysian Institute of Accountants (MIA), subject to three years practical accounting experience, as stipulated in Part IV of the Accountants Act 1967.",NA
BACHELOR OF ACTUARIAL SCIENCE,8 Semesters,"9,800",https://fs.um.edu.my/bachelor-of-science-actuarial,"Jln Profesor Diraja Ungku Aziz, 50603 Kuala Lumpur, Wilayah Persekutuan Kuala Lumpur",Universiti Malaya,"Bachelor of Actuarial Science in Universiti Malaya is a four years program design to prepare both, the industrial demand as well as the professional expert in the actuarial field. The program covers a wide range of areas including economics, finance, mathematics, statistics and risk modelling. The program also prepares the students with tools to kick start research that is inevitable in current world for the benefit of the wide society.",NA
BACHELOR OF AL-QURAN AND AL-HADITH,7 Semesters,"12,400",https://apium.um.edu.my/bachelor-of-al-quran-and-al-hadith,"Jln Profesor Diraja Ungku Aziz, 50603 Kuala Lumpur, Wilayah Persekutuan Kuala Lumpur",Universiti Malaya,To advance the field of study of Al-Quran and Al-Hadith based on the tradition of Islamic knowledge and modern scientific methods through quality education for the nation and humanity.,NA
BACHELOR OF ARABIC LANGUAGE AND LINGUISTICS,7 Semesters,"8,000",https://fll.um.edu.my/bachelor-of-arabic-language-and-linguistics,"Jln Profesor Diraja Ungku Aziz, 50603 Kuala Lumpur, Wilayah Persekutuan Kuala Lumpur",Universiti Malaya,Students are awarded the Bachelor of Arabic Languages and Linguistics upon completion of a total of 126 credits of study.,NA
BACHELOR OF ARTS ANTHROPOLOGY AND SOCIOLOGY,7 Semesters,"7,700",https://fass.um.edu.my/bachelor-of-arts-anthropology-and-sociology,"Jln Profesor Diraja Ungku Aziz, 50603 Kuala Lumpur, Wilayah Persekutuan Kuala Lumpur",Universiti Malaya,"The study of anthropology and sociology basically entails an in-depth study of human cultures and societies, their history and what’s currently going on, by comparing cultures and society to one another. Students of this programme will delve further into the depth and width of cultures and societies of the world by analyzing and understanding the social structures, institutions and values that make us who we are.",NA
BACHELOR OF ARTS CHINESE STUDIES,7 Semesters,"10,500",https://fass.um.edu.my/bachelor-of-arts-chinese-studies,"Jln Profesor Diraja Ungku Aziz, 50603 Kuala Lumpur, Wilayah Persekutuan Kuala Lumpur",Universiti Malaya,"This programme introduces students to the various aspects of the Chinese community – its language, rich culture, writing, literature and the history of China. The programme offers an expansive view into Chinese Studies by emphasising two main areas, the language and literature as well as the socio-culture.",NA
BACHELOR OF ARTS ENGLISH,7 Semesters,"7,900",https://fass.um.edu.my/bachelor-of-arts-english,"Jln Profesor Diraja Ungku Aziz, 50603 Kuala Lumpur, Wilayah Persekutuan Kuala Lumpur",Universiti Malaya,"The programme is comparable to those offered in universities in the United Kingdom and the United States of America. Canonical literatures in English that cover the whole period of development of English Literature, from the Medieval to the Modern, form the foundation for the Bachelor of Arts (English) programme. Due emphasis is also given to literature in English from other parts of the world such as Africa, India, Australia and the USA. The department also offers courses reflective of current interdisciplinary developments in English Literature, such as ‘Popular Culture and Literature’, ‘Literature through Language’, and ‘Global Shakespeares’.
Teaching is conducted mainly in the form of lectures and tutorials, with an emphasis on interactive learning to encourage students to stretch their abilities. Most courses adopt a 60:40 ratio in assessment, with 60% based on continuous coursework assessment and 40% from final examinations. Some courses are assessed entirely from coursework. ",NA
BACHELOR OF ARTS HISTORY,7 Semesters,"7,700",https://fass.um.edu.my/bachelor-of-arts-history,"Jln Profesor Diraja Ungku Aziz, 50603 Kuala Lumpur, Wilayah Persekutuan Kuala Lumpur",Universiti Malaya,"Department of History has developed three core areas that provide ample opportunities for students majoring in history to choose a variety of introductory and advanced courses specializing in the history of Malaysia, Southeast Asian History and Global History. Courses  offered not only reflect the expertise in teaching and academic research in the department but the main objective of this diversity is to produce graduates with holistic and ready to face the working environment.",NA
BACHELOR OF ARTS INDIAN STUDIES,7 Semesters,"7,900",https://fass.um.edu.my/bachelor-of-arts-indian-studies,"Jln Profesor Diraja Ungku Aziz, 50603 Kuala Lumpur, Wilayah Persekutuan Kuala Lumpur",Universiti Malaya,"The programme aims to introduce the linguistics, literature, religious and socio-cultural heritage of the Indian community in an academic manner that will benefit the nation as a whole. It also targets to showcase the historical, socio-political and economic aspects of the Indian community in Malaysia.
The student will cover subjects ranging from Tamil grammar and literature to the in-depth probe into the Indian culture and civilization. The programme hopes to expose the students to the finer elements of Indian culture and values. Besides that, students can also discover Indian Philosophy and ethics that will undoubtedly equip them to fully understand the Indian community thus enabling them to function well within the society.",NA
BACHELOR OF ARTS INTERNATIONAL AND STRATEGIC STUDIES,7 Semesters,"7,700",https://fass.um.edu.my/bachelor-of-arts-international-and-strategic-studies,"Jln Profesor Diraja Ungku Aziz, 50603 Kuala Lumpur, Wilayah Persekutuan Kuala Lumpur",Universiti Malaya,"The programme’s objective are to equip the students with the knowledge of international relations, foreign policy, security studies, defence analysis and strategic studies, particularly by examining international interactions between state and non-state actors, as well as the emerging trends and long-term effects of both global and regional issues. ",NA
BACHELOR OF ARTS SOUTHEAST ASIAN STUDIES,7 Semesters,"8,000",https://fass.um.edu.my/bachelor-of-arts-southeast-asian-studies,"Jln Profesor Diraja Ungku Aziz, 50603 Kuala Lumpur, Wilayah Persekutuan Kuala Lumpur",Universiti Malaya,"The programme intends to provide a space for the development of teaching and learning, emphasizing on the studies of the region including its politics, economy, culture and security.",NA
BACHELOR OF BIOMEDICAL ENGINEERING, 8 Normal Semesters & 1 Special Semesters,"8,800",https://www.umcced.edu.my/programme/satu/bbe,"Jln Profesor Diraja Ungku Aziz, 50603 Kuala Lumpur, Wilayah Persekutuan Kuala Lumpur",Universiti Malaya,"Biomedical Engineering is a multidisciplinary programme, which aims to provide you with both the understanding of biology and medical theories, and with highly specialized technical training in such fields as electrical, physics, material and mechanical engineering.
It involves the application of engineering principles and design concepts to solve problems in medicine and biology - a convergence of life sciences with engineering. Biomedical engineers are key players in the development, design, and continuing refinement of devices such as joint replacement prosthesis, microsensors, imaging and pattern recognition, as well as advanced instruments for use in such domains as minimally invasive surgery and movement disorders.",NA
BACHELOR OF BIOMEDICAL SCIENCE,8 Semesters,"9,700.00",https://medicine.um.edu.my/bachelor-of-biomedical-science-bbiomedsc-hons,"Jln Profesor Diraja Ungku Aziz, 50603 Kuala Lumpur, Wilayah Persekutuan Kuala Lumpur",Universiti Malaya,"The Biomedical Science Programme spans a minimum period of 4 years. Initially, students are provided with a broad based knowledge of basic medical sciences, allowing students the chance to acquire basic medical laboratory skills. Subsequently students proceed to the specific study of medical laboratory disciplines of their own choice: Anatomic Pathology, Haematology, Clinical Chemistry, Medical Microbiology, Parasitology, Physiology and Pharmacology.
Students will learn the principles underlying the various analytical methods and investigatory procedures used in laboratory medicine, and obtain practical training to consolidate theoretical instruction. In addition, instruction is provided on research methodologies as students will be carrying out research projects of their own design during final year.",NA
BACHELOR OF BUILDING SURVEYING,7 Normal Semesters & 1 Special Semester,"12,600",https://fbe.um.edu.my/bachelor-of-building-surveying,"Jln Profesor Diraja Ungku Aziz, 50603 Kuala Lumpur, Wilayah Persekutuan Kuala Lumpur",Universiti Malaya,"The programme was developed in association with the Royal Institution of Surveyors Malaysia (RISM). The curriculum structure is accepted by the relevant professional bodies in United Kingdom i.e. The Royal Institution of Chartered Surveyors (RICS), UK. The minimum period of study for the Bachelor of Building Surveying is 4-31/2 years, comprising 8 semesters (including 1 special semester). The full-time semesters consists of 14 weeks. This course is pursued on a full time basis only. The successful completion of the programme leads candidate to achieve the award of a degree in the field of building surveying. In the Malaysian context, a professional Building Surveyor is a qualified person, by examination and experience, and a member of the RISM.The main roles and responsibilities of a Building Surveyor in Malaysia, as prescribed by the RISM cover the following areas; Building Control & Space Planning, Building Performance & Risk Assessment and Building Maintenance & Refurbishment.",NA
BACHELOR OF BUSINESS ADMINISTRATION #,7 Semesters,"8,200",https://fpe.um.edu.my/bachelor-of-business-administration-bba,"Jln Profesor Diraja Ungku Aziz, 50603 Kuala Lumpur, Wilayah Persekutuan Kuala Lumpur",Universiti Malaya,"Business education in the University of Malaya (UM) dates back to 1966 when the Faculty of Economics and Administration first offered business and accounting courses. In line with the increasing demand for accounting and business programmes, the Faculty of Business and Accountancy (FBA) was subsequently established in 1997 to focus on developing these programmes. FBA strives to meet the challenges of preparing students to play a vital role in industry and nation building. FBA seeks to remain at the forefront of business and accounting education and continues to enjoy the reputation as an excellent knowledge-based institution.",NA
BACHELOR OF CHEMICAL ENGINEERING,8 Normal Semesters & 1 Special Semester,"9,500",https://engine.um.edu.my/bachelor-of-chemical-engineering,"Jln Profesor Diraja Ungku Aziz, 50603 Kuala Lumpur, Wilayah Persekutuan Kuala Lumpur",Universiti Malaya,"Working together with people from all walks of life, chemical engineers help to keep the world going and better. Like all engineers, we design and build equipments, then make them work safely and economically. These are mostly business-to-business activities, often outside public eyes. We specialize on activities that involve chemical and biochemical changes on a large scale. For example, we purify crude oil into petrol, kerosene and diesel that transport everyone around. We too make plastics and their biodegradable versions.\nOthers such as fertilizers, drinking water, cooking oils, packaged foods, medicines and vaccines all have to be produced in large amounts, and here chemical engineers come in. The chips that run our handphones are designed by electronic engineers, but chemical engineers make them in large quantities. Increasingly, chemical engineers deal with living things such as bacteria and plants to produce renewable products. As large-scale chemical processing involves potential adverse social and environmental impact, chemical engineers also protect people and Earth by clever designs and responsible operations.",NA
BACHELOR OF CHINESE LANGUAGE AND LINGUISTICS,7 Semesters,"7,900",https://fll.um.edu.my/bachelor-of-chinese-language-and-linguistics,"Jln Profesor Diraja Ungku Aziz, 50603 Kuala Lumpur, Wilayah Persekutuan Kuala Lumpur",Universiti Malaya,Students are awarded the Bachelor of Chinese Language and Linguistics / Bachelor of Tamil Language and Linguistics upon completion of 124 credits of studies. ,NA
BACHELOR OF CIVIL ENGINEERING,8 Normal Semesters & 1 Special Semester,"9,400",https://engine.um.edu.my/bachelor-of-civil-engineering,"Jln Profesor Diraja Ungku Aziz, 50603 Kuala Lumpur, Wilayah Persekutuan Kuala Lumpur",Universiti Malaya,"Bachelor of Civil Engineering programme provides a solid foundation of knowledge so that students can use the basic principles in Civil Engineering practice and problems. The subject involves the design and construction of projects, financing them, managing the construction process and maintenance. Civil Engineering helps to solve problems, design, build and maintain our living and working spaces.\nIt involves finding innovative solutions using a mixture of creativity, application of knowledge for the planning, design and execution of infrastructure works to enhance the quality of life. Civil engineers have played a significant role in most of the famous landmarks in the world. With the growing population straining today’s infrastructures, civil engineers are required to improve and build the built environment now and into the future.",NA
BACHELOR OF COMPUTER SCIENCE (ARTIFICIAL INTELLIGENCE),7 Semesters,9800,https://fsktm.um.edu.my/bachelor-of-computer-science-artificial-intelligence,"Jln Profesor Diraja Ungku Aziz, 50603 Kuala Lumpur, Wilayah Persekutuan Kuala Lumpur",Universiti Malaya,"This programme equips students with the knowledge and skills to design and develop computer systems that emulate and exhibit human intelligence. Students will learn the theoretical and practical aspects of Robotics, Cognitive Science, Image Processing, Natural Language Processing, Machine Learning, Artificial Neural Network, Fuzzy Logic, Expert Systems and Logic Programming. Students will apply their skills and knowledge through the development of real world applications in their final year projects.",NA
BACHELOR OF COMPUTER SCIENCE (COMPUTER SYSTEM AND NETWORK),7 Semesters,9800,https://fsktm.um.edu.my/bachelor-of-computer-science-computer-system-and-network,"Jln Profesor Diraja Ungku Aziz, 50603 Kuala Lumpur, Wilayah Persekutuan Kuala Lumpur",Universiti Malaya,The purpose of this programme is to produce graduates who understand and able to apply the knowledge in networking and the theory of computer systems. The graduates will have the ability to apply critical thinking skills and advanced scientific techniques in solving computer-based problems in line with the rapidly changing computer systems and technology.,NA
BACHELOR OF COMPUTER SCIENCE (DATA SCIENCE),7 Semesters,"20,100",https://fsktm.um.edu.my/bachelor-of-computer-science-data-science,"Jln Profesor Diraja Ungku Aziz, 50603 Kuala Lumpur, Wilayah Persekutuan Kuala Lumpur",Universiti Malaya,"This programme aims to produce excellent graduates who are able to apply the knowledge gained in the field of Computer Science and Data Science and apply scientific techniques to solve computer-based problems, as well as having entrepreneurship mindset.
The graduates will be able to conduct data-driven investigations by accessing, assessing and analyzing data sets to gain useful information, to be competent in using suitable tools and technologies in building data model capable of prediction and be able to solve problems that involve disparate datasets from any domain and develop data products.
For this program, UM has signed the MoA with SAS to develop Data Scientists in Malaysia. Students completing specific elective courses offered by this program will receive a Joint Professional Certificate from SAS.
SAS also has endorsed the program in Data Analytics by providing tools and educational material support for learning and research purposes.",NA
BACHELOR OF COMPUTER SCIENCE (INFORMATION SYSTEMS),7 Semesters,"9,800",https://fsktm.um.edu.my/bachelor-of-computer-science-information-systems,"Jln Profesor Diraja Ungku Aziz, 50603 Kuala Lumpur, Wilayah Persekutuan Kuala Lumpur",Universiti Malaya,"This programme aims to equip graduates with the ability to apply the concepts and principles of Information Systems to support the design, development and management of Information Systems. The graduates will be able to design and develop Information Systems to suit the organizational needs using highest quality technology-based services, with high ethical values in the context of professional practice of computing.",NA
BACHELOR OF COMPUTER SCIENCE (MULTIMEDIA,7 Semesters,"11,500",https://fsktm.um.edu.my/bachelor-of-information-technology-multimedia,"Jln Profesor Diraja Ungku Aziz, 50603 Kuala Lumpur, Wilayah Persekutuan Kuala Lumpur",Universiti Malaya,"This programme aims to produce graduates with knowledge and skills in the field of information technology and multimedia computing. The graduates will be able to apply the techniques and algorithms to solve information technology problem, and to utilize suitable software to process the elements of multimedia to achieve the goals of multimedia system developments.",NA
BACHELOR OF COMPUTER SCIENCE (SOFTWARE ENGINEERING),7 Semesters,"9,800",https://fsktm.um.edu.my/bachelor-of-computer-science-software-engineering,"Jln Profesor Diraja Ungku Aziz, 50603 Kuala Lumpur, Wilayah Persekutuan Kuala Lumpur",Universiti Malaya,"This programme offers a comprehensive look into the world of software engineering by providing the students with not only the theoretical and technical knowledge but the skills needed in various other related aspects of software engineering. The programme emphasizes a strong underlying of Software Engineering principles and concepts through object-oriented modeling, software design and architecture, human-computer interaction and software quality.",NA
BACHELOR OF COUNSELLING,8 Semesters,"8,500",https://education.um.edu.my/bachelor-of-counselling,"Jln Profesor Diraja Ungku Aziz, 50603 Kuala Lumpur, Wilayah Persekutuan Kuala Lumpur",Universiti Malaya,"Commenced in 1997 with an intake of 75 students, the Bachelor of Counselling programme provides education and professional training for those who aspire to be counselors in educational institutions, government departments or private sectors. The Bachelor of Counselling programme from UM is recognized by the Civil Service Department (Jabatan Perkhidmatan Awam) as equivalent to other Bachelor programmes in other local universities for suitable employment in the civil service.",NA
BACHELOR OF DANCE,6 Normal Semesters & 1 Special Semesters,"8,700",https://creativearts.um.edu.my/bachelor-of-dance,"Jln Profesor Diraja Ungku Aziz, 50603 Kuala Lumpur, Wilayah Persekutuan Kuala Lumpur",Universiti Malaya,"This programme aims to produce graduates who are proficient and skilled in the professional practice and academic study of dance. Students study western and non-western, dance technique, choreography, dance notation and dance education with particular emphasis on Malaysian dance, thus, offering a well-rounded multi-cultural and cross cultural dance education at tertiary level. Dance faculty members include pioneers and experts in the field of ethnochoreology, modern and traditional choreography and dance education.",NA
BACHELOR OF DENTAL SURGERY,5 years,"15,800",https://dentistry.um.edu.my/undergraduate-programmes,"Jln Profesor Diraja Ungku Aziz, 50603 Kuala Lumpur, Wilayah Persekutuan Kuala Lumpur",Universiti Malaya,"This is currently a five-year programme where the first two years is dedicated to pre-clinical dental science and basic medical science teaching with exposure to clinical dentistry as early as in the first year. Basic Medical Science teaching is conducted in collaboration with the Faculty of Medicine, University Malaya. In the subsequent three clinical years, candidates will have the opportunity to practice their clinical skills in dentistry as well as related medical practice.\nAt the end of the programme, the Faculty of Dentistry is expected to produce a general dentist practice who is knowledgeable and highly competent in the clinical and technical aspects, understanding social responsibility and can work effectively to contribute to the country`s health service delivery system, and adheres to the principles of professional ethics and conduct of high value.",NA
BACHELOR OF DRAMA,6 Normal Semesters & 1 Special Semesters,"8,700",https://creativearts.um.edu.my/bachelor-of-drama,"Jln Profesor Diraja Ungku Aziz, 50603 Kuala Lumpur, Wilayah Persekutuan Kuala Lumpur",Universiti Malaya,"Bachelor of Drama programme provides a comprehensive grounding in the theories, technique, aesthetics, management, and technologies of drama and theatre. This programme offer flexibility for students to choose area of specialisation. Either professional or academic-based as a career.",NA
BACHELOR OF EARLY CHILDHOOD EDUCATION,8 Semesters,"7,800",https://education.um.edu.my/bachelor-of-early-childhood-education,"Jln Profesor Diraja Ungku Aziz, 50603 Kuala Lumpur, Wilayah Persekutuan Kuala Lumpur",Universiti Malaya,"This programme was first established in 1997 with the intake of 83 students. It is the first programme of its kind in Malaysia that aims to provide education and professional training for those who are interested to be educators of Early Childhood Education, or for those who are aspiring to obtain professional training in the Bachelor level. Bachelor of Early Childhood Education is recognized by the Civil Service Department (Jabatan Perkhidmatan Awam) as equivalent to other Bachelor programmes of other local universities for suitable employment in the civil service.",NA
BACHELOR OF EAST ASIAN STUDIES,7 Semesters,"7,700",https://fass.um.edu.my/bachelor-of-east-asian-studies,"Jln Profesor Diraja Ungku Aziz, 50603 Kuala Lumpur, Wilayah Persekutuan Kuala Lumpur",Universiti Malaya,"The programme offers an integration of China Studies, Japan Studies and Korea Studies. Besides paying attention to the fields of economy, management and contemporary international relations, the teaching focuses on the languages of the three countries.
The programme also offers courses on the East Asia Province to enrich students with knowledge and a deep understanding about the province.",NA
BACHELOR OF ECONOMICS,7 Semesters,"8,400",https://fpe.um.edu.my/bachelor-of-economics,"Jln Profesor Diraja Ungku Aziz, 50603 Kuala Lumpur, Wilayah Persekutuan Kuala Lumpur",Universiti Malaya,"The Bachelor of Economics programme is designed to provide solid grounding in theory and economic knowledge and improve the critical and analytical skills of students. The core and elective courses are shaped to produce graduates with broad based as well as specialized knowledge. Since 2015, the newly introduced specialization system has provided students the option to specialize in one of four (4) areas, namely;
• Economics 
• Administrative Studies and Politics
• Development Studies 
• Applied Statistic",NA
BACHELOR OF EDUCATION TEACHING ENGLISH AS A SECOND LANGUAGE,8 Semesters,"7,700",https://education.um.edu.my/bachelor-of-education-teaching-of-english-as-a-second-language,"Jln Profesor Diraja Ungku Aziz, 50603 Kuala Lumpur, Wilayah Persekutuan Kuala Lumpur",Universiti Malaya,"The Bachelor of Education programme (Teaching of English as a Second Language (TESL) began in 1989. The aim of the programme is to provide academic preparation and professional training for English Secondary School teachers. The programme integrates the English language skills and English Literature with the professional components, which stress on knowledge in education and classroom teaching practices.",NA
BACHELOR OF ELECTRICAL ENGINEERING,8 Normal Semesters & 1 Special Semester,"9,200",https://engine.um.edu.my/bachelor-of-electrical-engineering,"Jln Profesor Diraja Ungku Aziz, 50603 Kuala Lumpur, Wilayah Persekutuan Kuala Lumpur",Universiti Malaya,"Electrical engineering generally deals with the study and application of electricity, electronics, and electromagnetism. It covers a wide range of subfields including electronics, digital computers, power engineering, telecommunications, control systems, and signal processing. Electrical engineers give the world modern virtual reality and spanned power distribution networks across vast rural areas in developing countries.\nBachelor of Electrical Engineering exposes students to the theory and applications of electricity, electronics, information and signal processing. The program is designed around a set of core courses that provide a classical electrical engineering foundation, and a number of elective courses that allow students to specialize in areas of interest and emphasis is placed on the application of the engineering knowledge.",NA
BACHELOR OF ENGLISH LANGUAGE AND LINGUISTICS,7 Semesters,"8,100",https://fll.um.edu.my/bachelor-of-english-language-and-linguistics,"Jln Profesor Diraja Ungku Aziz, 50603 Kuala Lumpur, Wilayah Persekutuan Kuala Lumpur",Universiti Malaya,"Students are awarded the Bachelor of English Language and Linguistics, upon completion of a total of 127 credits of study. ",NA
BACHELOR OF ENVIRONMENTAL STUDIES,7 Semesters,"7,700",https://fass.um.edu.my/bachelor-of-environmental-studies,"Jln Profesor Diraja Ungku Aziz, 50603 Kuala Lumpur, Wilayah Persekutuan Kuala Lumpur",Universiti Malaya,"This programme will hopefully produce graduates who will find the middle ground for the tug-of-war between development and the environment. Covering interdisciplinary subjects ranging from biology, geology, policy studies and law, geography, religion, civil and chemical engineering, chemistry, economics, history, and sociology, students will face environmental studies as a whole, enabling them to have an analytical and functional perspective on the environmental issues facing our world today.",NA
BACHELOR OF FINANCE #,7 Semesters,"13,900",https://fpe.um.edu.my/bachelor-of-finance-bfin,"Jln Profesor Diraja Ungku Aziz, 50603 Kuala Lumpur, Wilayah Persekutuan Kuala Lumpur",Universiti Malaya,"The Bachelor of Finance is a 3 ½ year programme with the objective to produce graduates with thorough knowledge and technical abilities in finance to meet with the increase in the market demand for finance graduates. The Bachelor of Finance programme allows students to embark on careers in fields of finance such as risk management, funds management, banking, investment analysis and financial analysis.",NA
BACHELOR OF FRENCH LANGUAGE AND LINGUISTICS,7 Semesters,"7,900",https://fll.um.edu.my/bachelor-of-french-language-and-linguistics,"Jln Profesor Diraja Ungku Aziz, 50603 Kuala Lumpur, Wilayah Persekutuan Kuala Lumpur",Universiti Malaya,Students are awarded the Bachelor of Japanese / German / Italian / French / Spanish Language and Linguistics upon completion of 125 credits of studies. ,NA
BACHELOR OF GEOGRAPHY,7 Semesters,"8,000",https://fass.um.edu.my/bachelor-of-geography,"Jln Profesor Diraja Ungku Aziz, 50603 Kuala Lumpur, Wilayah Persekutuan Kuala Lumpur",Universiti Malaya,"The programme offered reflects the multidisciplinary nature of Geography. Students have the opportunity to study their subject matter in a number of different areas including: Biogeography, Cultural and Historical Geography, Economic Geography, Environment and Resource Management, Geographic Information Systems, Remote Sensing, Transportation Geography, Physical Geography, Social Geography, and Urban Geography.",NA
BACHELOR OF GERMAN LANGUAGE AND LINGUISTICS,7 Semesters,"7,900",https://fll.um.edu.my/bachelor-of-german-language-and-linguistics,"Jln Profesor Diraja Ungku Aziz, 50603 Kuala Lumpur, Wilayah Persekutuan Kuala Lumpur",Universiti Malaya,Students are awarded the Bachelor of Japanese / German / Italian / French / Spanish Language and Linguistics upon completion of 125 credits of studies. ,NA
BACHELOR OF ISLAMIC EDUCATION (ISLAMIC STUDIES) , 8 Semesters,"10,000",https://apium.um.edu.my/bachelor-of-islamic-education-islamic-studies,"Jln Profesor Diraja Ungku Aziz, 50603 Kuala Lumpur, Wilayah Persekutuan Kuala Lumpur",Universiti Malaya,"This program aims to produce graduates who practice the knowledge, methods and moral values ??of a teacher individually or in groups in building critical and creative thinking skills to fulfill their responsibilities to professional and community teaching.",NA
BACHELOR OF ISLAMIC EDUCATION (QURANIC STUDIES),8 Semesters,"10,000",https://apium.um.edu.my/bachelor-of-islamic-education-quranic-studies,"Jln Profesor Diraja Ungku Aziz, 50603 Kuala Lumpur, Wilayah Persekutuan Kuala Lumpur",Universiti Malaya,"This program aims to produce graduates who practice the knowledge, methods and moral values ??of a teacher individually or in groups in building critical and creative thinking skills to fulfill their responsibilities to professional and community teaching.",NA
BACHELOR OF ITALIAN LANGUAGE AND LINGUISTICS,7 Semesters,7900,https://fll.um.edu.my/bachelor-of-italian-language-and-linguistics,"Jln Profesor Diraja Ungku Aziz, 50603 Kuala Lumpur, Wilayah Persekutuan Kuala Lumpur",Universiti Malaya,Students are awarded the Bachelor of Japanese / German / Italian / French / Spanish Language and Linguistics upon completion of 125 credits of studies. ,NA
BACHELOR OF JAPANESE LANGUAGE AND LINGUISTICS,7 Semesters,7900,https://fll.um.edu.my/bachelor-of-japanese-language-and-linguistics,"Jln Profesor Diraja Ungku Aziz, 50603 Kuala Lumpur, Wilayah Persekutuan Kuala Lumpur",Universiti Malaya,Students are awarded the Bachelor of Japanese / German / Italian / French / Spanish Language and Linguistics upon completion of 125 credits of studies. ,NA
BACHELOR OF LAWS,8 Normal Semesters & 1 Special Semester,"8,900",https://law.um.edu.my/undergraduate-program-bachelor-of-laws,"Jln Profesor Diraja Ungku Aziz, 50603 Kuala Lumpur, Wilayah Persekutuan Kuala Lumpur",Universiti Malaya,"Upon completion of the programme, you will be conferred the Bachelor of Laws (Honours) degree. The degree entitles its holder to be admitted as an Advocate and Solicitor of the High Court of Malaya/Sabah/Sarawak after going through a period of pupillage. The programme curriculum comprises both the academic as well as the professional components of legal training. 
The curriculum requires students to fulfil 160 credits within the minimum of 8 semesters and 1 special semester before being awarded the Bachelor of Laws (Honours) degree. The 160 credits are divided into four levels – the First level, the Intermediate levels I and II and the Final level (Professional Level). Mooting and industrial training at law firms, courts and other legal bodies are compulsory to be completed preferably at the Intermediate Level I and Intermediate Level II of the curriculum.
The Final or Professional level places strong emphasis on practical legal training and comprises subjects such as Professional Practice, Advocacy, Civil Procedure, Criminal Procedure and Evidence. ",NA
BACHELOR OF MALAY LINGUISTICS,7 Semesters,"8,100",https://www.umcced.edu.my/programme/satu/bmlg,"Jln Profesor Diraja Ungku Aziz, 50603 Kuala Lumpur, Wilayah Persekutuan Kuala Lumpur",Universiti Malaya,"The Department of Linguistics focuses on the disciplines of global and general linguistics which include historical linguistics, phonetics, phonology, morphology, syntax, semantics, pragmatics, sociolinguistics, dialectology, lexicology, psycholinguistics and also the latest fields like linguistics and technology, computational linguistics, acoustic phonetics, forensic phonetics, translation, geolinguistics and linguistic applications in language learning.",NA
BACHELOR OF MALAY LITERATURE,7 Semesters,"8,100",https://www.umcced.edu.my/programme/satu/bml,"Jln Profesor Diraja Ungku Aziz, 50603 Kuala Lumpur, Wilayah Persekutuan Kuala Lumpur",Universiti Malaya,"This program focuses on the theoretical and practical studies with concentrate on three major fields, the core literature and teaching; management and marketing of literature; and creative literature and editing. Understanding and mastery of History of Malay Literature, Literary Theory, Literary Criticism and genre of literature both in traditional and modern literature are emphasis. In addition, the convergence is also given to the practical and professionalism courses such as Management and Marketing Literature, Literary Editing, Teaching and Evaluation of Literature, Creative Writing and Literature and Law.",NA
BACHELOR OF MALAY STUDIES,7 Semesters,"10,600",https://www.umcced.edu.my/programme/satu/bms,"Jln Profesor Diraja Ungku Aziz, 50603 Kuala Lumpur, Wilayah Persekutuan Kuala Lumpur",Universiti Malaya,"Career Opportunity:
Broadcasting
Advertising
Trading
Entrepreneurship
Education
Corporate Management
Human Resource Management
Publication
Language and Literature",NA
BACHELOR OF MECHANICAL ENGINEERING,8 Normal Semesters & 1 Special Semester,"9,600",https://engine.um.edu.my/bachelor-of-mechanical-engineering,"Jln Profesor Diraja Ungku Aziz, 50603 Kuala Lumpur, Wilayah Persekutuan Kuala Lumpur",Universiti Malaya,"Mechanical engineering is a very broad field; hence mechanical engineers can work in a variety of different industries as well as design a wide range of products. Mechanical engineers develop, design, build, test, and inspect mechanical devices and systems, such as machines, tools, and engines. Mechanical engineers often work on the newest industrial pursuits, particularly in automation and robotics, alternative energies and nanotechnology.\nThe Mechanical Engineering Programme offers new opportunities for occupational growth, such as designing production projects to harness developments, improvements of technology in healthcare, or designing more powerful computer chips for the ever-growing digital era. The wide career spectrum opens up opportunities for different genders, different levels of ability, and different interests. The key is that the Mechanical Engineering Programme develops a skilled personnel with competent technical and analytical skills that could be of good use wherever needed.",NA
BACHELOR OF MEDIA STUDIES,7 Normal Semesters & 1 Special Semester,"7,700",https://fass.um.edu.my/bachelor-of-media-studies,"Jln Profesor Diraja Ungku Aziz, 50603 Kuala Lumpur, Wilayah Persekutuan Kuala Lumpur",Universiti Malaya,"The Bachelor in Media Studies programme aims to produce good graduates who are knowledgeable, technology literate and skilled in producing worthwhile media texts, as well as able to zand contribute to the field of media and communication, whether as professional industry practitioners, or as scholars and intellects.
The programme is offered as a full time programme with 122 credits, with a minimum study-duration of 7 semesters plus 1 short semester and a maximum study-duration of 11 semesters. The Bachelor of Media Studies is a 3u1i programme in which students will undergo face-to-face and online classes, undertake assignments and do an academic project for 5 normal semesters and 1 short semester, followed by industrial training internships for 2 semesters.",NA
BACHELOR OF MEDICINE & BACHELOR OF SURGERY #,10 Semesters,"14,200",https://www.umcced.edu.my/programme/satu/medic,"Jln Profesor Diraja Ungku Aziz, 50603 Kuala Lumpur, Wilayah Persekutuan Kuala Lumpur",Universiti Malaya,"The University of Malaya Medical Programme (UMMP) is a five-year professional undergraduate medical degree offering you clinical experience, research opportunities and elective placements.  On successful completion of the programme, you will be conferred Bachelor of Medicine and Bachelor of Surgery (MBBS) degree.
Our programme will provide you with current best practice in medical education, high teacher- student ratios and extensive educational support. The graduate of this MBBS Programme will be a medical practitioner who is responsive to the health needs of individuals, families, and the society at large. The graduate will also be committed to improve the health care system at all levels.
The UMMP is centred on nurturing fresh insights through innovative educational approaches that foster interdisciplinary discovery.  We also believe that by providing early and sustained clinical experience with essential communication skill give students confidence and the comfort level to excel in their duties during the clinical practice years and beyond.",NA
BACHELOR OF MUAMALAT MANAGEMENT,8 Semesters,"9,600",https://apium.um.edu.my/bachelor-of-muamalat-management,"Jln Profesor Diraja Ungku Aziz, 50603 Kuala Lumpur, Wilayah Persekutuan Kuala Lumpur",Universiti Malaya,"The goal of this program is to produce a balanced human capital in line with the progress of the field of Muamalat studies, especially related to Islamic management and finance through quality education based on Islamic and contemporary scientific traditions, for the sustainability of the ummah and the country.",NA
BACHELOR OF MUSIC,6 Normal Semesters & 1 Special Semesters,"8,700",https://creativearts.um.edu.my/bachelor-of-music,"Jln Profesor Diraja Ungku Aziz, 50603 Kuala Lumpur, Wilayah Persekutuan Kuala Lumpur",Universiti Malaya,"Bachelor of Music is one of the core programme started in 1997. After decades of educating and producing quality graduates in music, our programme has been striving to improve teaching and learning on par with leading universities worldwide. The curriculum is designed to develop student’s musical craft and creativity in performance, and theoritical studies in related domains. The Bachelor of Music focuses on four areas of study - music performance, composition, ethnomusicology and music education, taught by leading ethnomusicologist, musicologist, music composers, music educators, and professional performers.",NA
BACHELOR OF NURSING SCIENCE,8 Normal Semesters & 1 Special Semester,"9,500.00",https://medicine.um.edu.my/bachelor-of-nursing-science-bnsc,"Jln Profesor Diraja Ungku Aziz, 50603 Kuala Lumpur, Wilayah Persekutuan Kuala Lumpur",Universiti Malaya,"This programme prepares graduates for the contemporary role of applying medical and scientific nursing foundation knowledge in providing nursing care to patient. It also provides a platform for graduates to practice nursing knowledge critically, and ethically based on evidence in health care delivery.",NA
BACHELOR OF PHARMACY (HONS.),8 Semesters,"15,400",https://www.umcced.edu.my/programme/satu/pharm,"Jln Profesor Diraja Ungku Aziz, 50603 Kuala Lumpur, Wilayah Persekutuan Kuala Lumpur",Universiti Malaya,"The Bachelor of Pharmacy (Hons) degree programme that is offered by the University of Malaya holds true to the following philosophy, which is in line with the nation’s requirements:
The programme offers a broad-based curriculum and training with opportunities for specialisation. The programme supports evidence-based practices and consists of dynamic characteristics with room for future advancement.",NA
BACHELOR OF PROFESSIONAL MALAY LANGUAGE,7 Semesters,"8,100",https://www.umcced.edu.my/programme/satu/bpml,"Jln Profesor Diraja Ungku Aziz, 50603 Kuala Lumpur, Wilayah Persekutuan Kuala Lumpur",Universiti Malaya,"This programme will provide the courses that focuses on the corpus study of Malay language. Among the courses offered are Malay Writing, Grammar, Malay Oral, Stylistics, History of Development of Malay Language, Malay Vocabulary and Terminology, Malay Register, Semantics, Malay Language Discourse Analysis, Teaching of Malay Language, Lexicography, Politeness in Malay Language.",NA
BACHELOR OF QUANTITY SURVEYING, 7 Semesters,"10,200",https://fbe.um.edu.my/bachelor-of-quantity-surveying,"Jln Profesor Diraja Ungku Aziz, 50603 Kuala Lumpur, Wilayah Persekutuan Kuala Lumpur",Universiti Malaya,"Accredited by the Board of Quantity Surveyors Malaysia (BQSM) and the Royal Institution of Chartered Surveyors (RICS) UK, the Bachelor of Quantity Surveying programme challenges students to identify, analyse and solve problems, evaluate strategies and options, and provide good judgement, decisions and advise as a professional quantity surveyor. The 4-years full time study programme also provides students with the opportunity to research and develop future applications that give shape to a more creative and innovative approach to quantity surveying and unlock future potentials of the construction field.",NA
BACHELOR OF REAL ESTATE,7 Normal Semesters & 1 Special Semester,"10,800",https://fbe.um.edu.my/bachelor-of-real-estate,"Jln Profesor Diraja Ungku Aziz, 50603 Kuala Lumpur, Wilayah Persekutuan Kuala Lumpur",Universiti Malaya,"This programme has been designed with the incorporation of ideas and contributions from the Royal Institution of Surveyors Malaysia (RISM), and the programmes’ structure is recognised by the renowned Royal Institution of Chartered Surveyors (RICS) UK. The programme is also recognised by Malaysia’s Department of Public Service and the Board of Valuers, Appraisers and Estate Agents (BOVAEA) Malaysia. This 4-years full time study programme imparts to students the art of valuing, advising, consulting and dealing in properties, sites and machines for various purposes. It also exposes students to all the financial, legal and intangible intricacies of the trade.",NA
BACHELOR OF SCIENCE IN APPLIED GEOLOGY,8 Semesters,"11,200",https://fs.um.edu.my/bachelor-of-science-applied-geology,"Jln Profesor Diraja Ungku Aziz, 50603 Kuala Lumpur, Wilayah Persekutuan Kuala Lumpur",Universiti Malaya,"Our program offers outstanding geological learning experiences with solid foundation in applied geology knowledge Hands-on geological application in fieldworks, final year project and industrial attachment Produce graduates equipped with professionalism, self-learning, etiquette, communication and problem-solving skills that are pertinent in geological careers.",NA
BACHELOR OF SCIENCE IN ARCHITECTURE,6 Normal Semesters & 2 Special Semesters,"9,500",https://fbe.um.edu.my/bachelor-of-science-architecture,"Jln Profesor Diraja Ungku Aziz, 50603 Kuala Lumpur, Wilayah Persekutuan Kuala Lumpur",Universiti Malaya,"The Bachelor of Science in Architecture programme provides constitutes the first tier of the two-tier system. The programme provides solid academic foundation for those who wish to pursue professional architect qualification. In this 3-year intensive course, design is taught as the core subject into which knowledge on other subjects are integrated. The BSc. Architecture course is also programmed as a stand-alone undergraduate course that is sufficient for students who do not wish to continue on to the Master of Architecture programme, but to venture into related fields.",NA
BACHELOR OF SCIENCE IN BIOCHEMISTRY,8 Semesters,"11,200",https://fs.um.edu.my/bachelor-of-science-biochemistry,"Jln Profesor Diraja Ungku Aziz, 50603 Kuala Lumpur, Wilayah Persekutuan Kuala Lumpur",Universiti Malaya,"Biochemistry is one of the most influential areas in science. It explores the chemical processes within living organisms by understanding what is happening at molecular level and studying biomolecules like carbohydrates, lipids, proteins and nucleic acids.
The discipline has made vital contributions to the fields of cell biology, physiology, pathology, pharmacology, microbiology, immunology, nutrition, forensic science, and toxicology. Thus, research in biochemistry has contributed crucially in medicine, industrial application, agriculture and food production.
The department of Biochemistry was originally founded in the Faculty of Medicine in 1963. The teaching was later taken over by the Faculty of Science in 1997 under the Institute of Biological Sciences and introduced as the programme of Biochemistry. The programme has successfully produced graduates for 24 years and becoming one of the best undergraduate programmes in the country.",NA
BACHELOR OF SCIENCE IN BIOTECHNOLOGY,8 Normal Semesters & 1 Special Semester,"12,100",https://fs.um.edu.my/bachelor-of-science-biotechnology,"Jln Profesor Diraja Ungku Aziz, 50603 Kuala Lumpur, Wilayah Persekutuan Kuala Lumpur",Universiti Malaya,"The Bachelor of Science Biotechnology delivers an in-depth multidisciplinary curriculum interfacing biology with physical sciences and technology. With modern facilities and application-oriented education, the program seeks to produce multi-skilled, highly employable graduates by equipping the students with knowledge and skills in broad areas of Biotechnology.",NA
BACHELOR OF SCIENCE IN CHEMISTRY,8 Semesters,"11,700",https://kimia.um.edu.my/,"Jln Profesor Diraja Ungku Aziz, 50603 Kuala Lumpur, Wilayah Persekutuan Kuala Lumpur",Universiti Malaya,"To produce graduates that have critical thinking and could apply the knowledge of chemistry and the latest scientific technology efficiently to analyse and solve problems in the industry, environment, health and safety sectors.",NA
BACHELOR OF SCIENCE IN ECOLOGY AND BIODIVERSITY, 8 Semesters,"11,200",https://biology.um.edu.my/ecology-biodiversity,"Jln Profesor Diraja Ungku Aziz, 50603 Kuala Lumpur, Wilayah Persekutuan Kuala Lumpur",Universiti Malaya,"The Ecology and Biodiversity Unit (EBU) is the largest in the Institute of Biological Sciences (IBS), currently with 18 academic staff comprising nine professors, six associate professors, and three lecturers.  In addition, four associate lecturers from other units assist in the running of its undergraduate programme in Ecology & Biodiversity (BSc Hons). EBU’s undergraduate programme is designed to meet the needs of the nation in particular, to improve the scientific knowledge base (of the nation), and to create a pool of trained, informed and committed manpower in the field of biological diversity (National Policy on Biological Diversity: 24-25). The EBU’s undergraduate programme offers the essential and fundamental courses in the first and second years, followed by applied and contemporary courses in the final year (see course structure). Almost all of its 2nd and 3rd year courses have practical components, and field visits are compulsory in most of its ecological courses.  The course prepares students for biological science research and in the work environment, through its Research Project and Industrial Training programmes. ",NA
BACHELOR OF SCIENCE IN MATHEMATICS,8 Semesters,"11,800",https://fs.um.edu.my/bachelor-of-science-mathematics,"Jln Profesor Diraja Ungku Aziz, 50603 Kuala Lumpur, Wilayah Persekutuan Kuala Lumpur",Universiti Malaya,"Bachelor of Science in Mathematics is a four-year program designed for students seeking a strong mathematical foundation to pursue graduate study in mathematical sciences or careers in industry. It gives an exposure of not only classical mathematics, but also its modern applications in physical, computational, management, and industrial sciences. In short, it equips students with analytical and critical thinking and state-of-the-art problem-solving skills to excel in careers in this fast-changing world.",NA
BACHELOR OF SCIENCE IN MICROBIOLOGY AND MOLECULAR GENETICS,8 Semesters,"11,700",https://fs.um.edu.my/bachelor-of-science-microbiology-amp-molecular-genetics,"Jln Profesor Diraja Ungku Aziz, 50603 Kuala Lumpur, Wilayah Persekutuan Kuala Lumpur",Universiti Malaya,"This is newly founded program with the combination of two important fundamental biological sciences of microbiology and genetics. Knowledge about microbes & genes, inheritance & mutations, the importance of bacteria, viruses and other microbes in the environment and as pathogens. Ranked 137 in Best Global Universities for Microbiology. Ranked top 200 in the world by QS World Subject Rankings for Biological Sciences. This program is the first of the kind in Malaysia.",NA
BACHELOR OF SCIENCE IN PHYSICS,8 Semesters,"11,900",https://fs.um.edu.my/bachelor-of-science-physics,"Jln Profesor Diraja Ungku Aziz, 50603 Kuala Lumpur, Wilayah Persekutuan Kuala Lumpur",Universiti Malaya,"Department of Physics is one of Malaysia’s leading physics departments, with a history that goes back over 60 years. We are renowned for our work in photonics, condensed matter physics, plasma physics, astrophysics, nuclear and particle physics with a strong emphasis on both research and teaching.",NA
BACHELOR OF SCIENCE IN STATISTICS,8 Semesters,"11,300",https://fs.um.edu.my/bachelor-of-science-statistics,"Jln Profesor Diraja Ungku Aziz, 50603 Kuala Lumpur, Wilayah Persekutuan Kuala Lumpur",Universiti Malaya,"Bachelor of Science in Statistics is a four-year programme that provides excellent training in both theory and practice of mathematical statistics. It is a comprehensive program that covers inferential statistics, modelling techniques and the skills of interpreting and reporting statistical analysis. This program prepares graduates with solid foundation to apply statistical methods to solve real-world problems by supporting a shift towards the analysis of real-world data using modern statistics and by promoting data-driven culture.",NA
BACHELOR OF SCIENCE WITH EDUCATION (BIOLOGY/PHYSICS/CHEMISTRY/MATHEMATICS), 8 Normal Semesters & 3 Special Semesters,"8,900",https://fs.um.edu.my/bachelor-of-science-education,"Jln Profesor Diraja Ungku Aziz, 50603 Kuala Lumpur, Wilayah Persekutuan Kuala Lumpur",Universiti Malaya,"Bachelor of Science with Education is a collaborative programme offered by the Faculty of Science and the Faculty of Education.
This degree is a combination of pedagogical courses and science content courses (Biology, Chemistry, Mathematics or Physics).
The curriculum was recently revised to cater to the demand of a fast changing and challenging education system.
Students will be trained to acquire strong fundamental knowledge of science and mathematics; as well as being exposed to the pedagogical content knowledge.",NA
BACHELOR OF SHARIAH,7 Semesters,"12,400",https://apium.um.edu.my/bachelor-of-shariah,"Jln Profesor Diraja Ungku Aziz, 50603 Kuala Lumpur, Wilayah Persekutuan Kuala Lumpur",Universiti Malaya,To advance the field of Shariah studies based on the tradition of Islamic knowledge and modern scientific methods through quality education for the nation and humanity.,NA
BACHELOR OF SHARIAH AND LAW,8 Normal Semesters & 1 Special Semester,"10,500",https://apium.um.edu.my/bachelor-of-shariah-and-law,"Jln Profesor Diraja Ungku Aziz, 50603 Kuala Lumpur, Wilayah Persekutuan Kuala Lumpur",Universiti Malaya,To advance the field of Shariah studies in particular Islamic Law based on the tradition of Islamic knowledge and modern scientific methods through quality education for the nation and humanity.,NA
BACHELOR OF SOCIAL ADMINISTRATION,7 Semesters,"7,700",https://fass.um.edu.my/bachelor-of-social-administrations,"Jln Profesor Diraja Ungku Aziz, 50603 Kuala Lumpur, Wilayah Persekutuan Kuala Lumpur",Universiti Malaya,"The programme offers a mixture of Social Policy, Social Welfare and Social Work, Social Law and even containing some Public and Social Management. This particular mix, allied of course to the Malaysian orientation of much of the syllabus, makes the programme unique. It accurately reflects the needs of Malaysia at the present stage of its economic and social development.
The inclusion of practical placements or a semi-vocational course in the programme provides opportunity to put into practice lessons learned in the lecture room. Our students value this element, believing it to provide them with an opportunity to test out possible careers.",NA
BACHELOR OF SPANISH LANGUAGE AND LINGUISTICS,7 Semesters,7900,https://fll.um.edu.my/bachelor-of-spanish-language-and-linguistics,"Jln Profesor Diraja Ungku Aziz, 50603 Kuala Lumpur, Wilayah Persekutuan Kuala Lumpur",Universiti Malaya,Students are awarded the Bachelor of Japanese / German / Italian / French / Spanish Language and Linguistics upon completion of 125 credits of studies. ,NA
BACHELOR OF SPORTS MANAGEMENT,7 Semesters,"10,000",https://www.umcced.edu.my/programme/satu/bosm,"Jln Profesor Diraja Ungku Aziz, 50603 Kuala Lumpur, Wilayah Persekutuan Kuala Lumpur",Universiti Malaya,"By studying various aspects of Sport Management such as Facilities and Equipment Management, Sport Finance, Sport Marketing, Event Management, Human Resource Management as well as Sport Law, University of Malaya graduates will have strong and adequate knowledge to make a difference. The Centre for Sport and Exercise Sciences, University of Malaya will strive further to improve the quality of the Sport Management programme in order for future graduates to become even more professional.",NA
BACHELOR OF SPORTS SCIENCE (EXERCISE SCIENCE),7 Semesters,"9,200",https://sports.um.edu.my/bachelor-of-sports-science-exercise-science,"Jln Profesor Diraja Ungku Aziz, 50603 Kuala Lumpur, Wilayah Persekutuan Kuala Lumpur",Universiti Malaya,"By learning various aspects of Exercise Science such as Anatomy and Physiology, Biomechanic, Sports Nutrition, Sports Psychology, Coaching, Measurement in Sports and Sports Science Research, graduates of University of Malaya will possess a well develop knowledge to more changes.
The Sports Centre, University of Malaya in everwilling and continuously enhancing the quality of the Exercise Science program so that the graduates in the future will be more professional in their approach.",NA
BACHELOR OF TAMIL LANGUAGE AND LINGUISTICS,7 Semesters,7900,https://fll.um.edu.my/bachelor-of-tamil-language-and-linguistics,"Jln Profesor Diraja Ungku Aziz, 50603 Kuala Lumpur, Wilayah Persekutuan Kuala Lumpur",Universiti Malaya,Students are awarded the Bachelor of Chinese Language and Linguistics / Bachelor of Tamil Language and Linguistics upon completion of 124 credits of studies. ,NA
BACHELOR OF URBAN AND REGIONAL PLANNING,8 Semesters,"11,300",https://fbe.um.edu.my/bachelor-of-urban-amp-regional-planning,"Jln Profesor Diraja Ungku Aziz, 50603 Kuala Lumpur, Wilayah Persekutuan Kuala Lumpur",Universiti Malaya,"The Bachelor of Urban and Regional Planning was introduced as a professional programme in line with the requirement of the Board of Town Planners Malaysia. The Urban Planning programme is designed to reflect a different niche area as compared to other universities offering similar program i.e UTM, UiTM, UIA and USM. The niche area for UM’s Urban Planning programme will be related to spatial planning for sustainable development. Therefore, the graduates will be able to rise above the challenging rapid urbanizing world. The department aspires to be a centre of excellence in urban and regional planning studies and research in the Asia-Pacific region. The region provides a living laboratory where urban and regional issues can be identified, analyzed and examined, and strategies formulated.",NA
BACHELOR OF USULUDDIN,7 Semesters,"12,400",https://apium.um.edu.my/bachelor-of-usuluddin,"Jln Profesor Diraja Ungku Aziz, 50603 Kuala Lumpur, Wilayah Persekutuan Kuala Lumpur",Universiti Malaya,"The main method of teaching is the conventional made of lectures and tutorials. However, online learning are also conducted using the application of SPECTRUM and online video conferencing.",NA
